panel,case,configuration,metric,value,range_min,range_max
a,L4_D1,apple_mps,fk_serial,3.8867686866431215,3.827355574010456,4.083702730157998
a,L4_D16,apple_mps,fk_serial,9.33449599600536,8.789063480378044,9.4870616249449
a,L4_D64,apple_mps,fk_serial,20.723609562496065,20.052937481096002,20.892250286997843
a,L4_D256,apple_mps,fk_serial,42.272246195162076,41.3247795566823,43.20798480809876
a,L4_D1,apple_cpu_16,fk_serial,4.435315640264537,4.3719026474879215,4.598345896704358
a,L4_D16,apple_cpu_16,fk_serial,7.839329933735805,7.710108060515725,8.138283035292737
a,L4_D64,apple_cpu_16,fk_serial,11.47039897811185,11.250280641750415,11.952720231943418
a,L4_D256,apple_cpu_16,fk_serial,13.769479749575694,13.584651757217625,13.934319937761837
a,L4_D1,remote_cpu_32,fk_serial,5.295344791292918,4.882086258599575,5.741285317609266
a,L4_D16,remote_cpu_32,fk_serial,11.67693639234407,11.02038827506524,11.846554726236945
a,L4_D64,remote_cpu_32,fk_serial,17.901528058416734,16.868205627509617,18.19754894666061
a,L4_D256,remote_cpu_32,fk_serial,23.98440202784331,22.278576584727304,25.06345789930436
a,L4_D1,rtx5090,fk_serial,7.436801874707201,5.16687284014683,11.59766498348005
a,L4_D16,rtx5090,fk_serial,15.168112272191186,14.420424191282821,15.808074165815531
a,L4_D64,rtx5090,fk_serial,29.191925310875742,27.79536175724344,30.584841069765258
a,L4_D256,rtx5090,fk_serial,43.53879816348275,39.65440328712568,45.769442185464946
b,L4_D1,apple_mps,fk_parallel,0.3435530644217046,0.33753501437791583,0.38520751274892256
b,L4_D16,apple_mps,fk_parallel,0.8257693616785193,0.7490935976972752,0.8514418836386154
b,L4_D64,apple_mps,fk_parallel,1.809618331939641,1.690991014054943,1.822337219185423
b,L4_D256,apple_mps,fk_parallel,3.581097627892718,3.4912104671908435,4.3010215341909745
b,L4_D1,apple_cpu_16,fk_parallel,0.39203935267020606,0.3855586956694535,0.4337527735668869
b,L4_D16,apple_cpu_16,fk_parallel,0.6935005894414236,0.6571340164490496,0.7303921183492977
b,L4_D64,apple_cpu_16,fk_parallel,1.0016133629064974,0.9486950971013778,1.0425821369149944
b,L4_D256,apple_cpu_16,fk_parallel,1.1664828748599996,1.1476619819081801,1.3870540452834748
b,L4_D1,remote_cpu_32,fk_parallel,0.7292328797994172,0.6571334098392696,0.8706864533031262
b,L4_D16,remote_cpu_32,fk_parallel,1.037758057351562,0.9337205004297084,1.1526831054727245
b,L4_D64,remote_cpu_32,fk_parallel,1.284779034634219,1.1632301534894325,1.4122755998653032
b,L4_D256,remote_cpu_32,fk_parallel,1.5703107626179935,1.4181801252526791,1.662990905699991
b,L4_D1,rtx5090,fk_parallel,1.0241373624070116,0.6954659520140363,1.7588273761787179
b,L4_D16,rtx5090,fk_parallel,1.3480274445615648,1.221794128865533,1.5381434047351514
b,L4_D64,rtx5090,fk_parallel,2.09508224647825,1.9167659937962276,2.3736287175374877
b,L4_D256,rtx5090,fk_parallel,2.850579441930632,2.52426749108866,3.036858139016097
c,L4_D1,apple_mps,wall_seconds,0.033362749999923835,0.032048416999941765,0.033789333000072475
c,L4_D16,apple_mps,wall_seconds,0.03481233299999076,0.03471958399995856,0.03685587500001475
c,L4_D64,apple_mps,wall_seconds,0.045799666999982946,0.04564545799996722,0.047224082999946404
c,L4_D256,apple_mps,wall_seconds,0.08077737500002513,0.07927008299998306,0.08247008300008929
c,L4_D1,apple_cpu_16,wall_seconds,0.029236542000035115,0.02846158399995602,0.0295806660000153
c,L4_D16,apple_cpu_16,wall_seconds,0.041451958999914496,0.04047375000004649,0.042013499999939086
c,L4_D64,apple_cpu_16,wall_seconds,0.08274641700006669,0.07978404200002842,0.08417404099998294
c,L4_D256,apple_cpu_16,wall_seconds,0.24798620900003243,0.2458032079999839,0.2508756250000488
c,L4_D1,remote_cpu_32,wall_seconds,0.14660457998979837,0.13890783698298037,0.15260129002854228
c,L4_D16,remote_cpu_32,wall_seconds,0.23366972897201777,0.23176853789482266,0.24263540096580982
c,L4_D64,remote_cpu_32,wall_seconds,0.48903111508116126,0.4832149129360914,0.5035834019072354
c,L4_D256,remote_cpu_32,wall_seconds,1.3409940459532663,1.325024783029221,1.426311483955942
c,L4_D1,rtx5090,wall_seconds,0.10438920010346919,0.06876466306857765,0.14419024507515132
c,L4_D16,rtx5090,wall_seconds,0.17988702305592597,0.17368710692971945,0.1854270229814574
c,L4_D64,rtx5090,wall_seconds,0.29989129304885864,0.2875060560181737,0.3056102830450982
c,L4_D256,rtx5090,wall_seconds,0.7387190660228953,0.7255867950152606,0.8013281500898302
c,L4_D1,apple_fk_openmp,wall_seconds,0.011461875000009059,0.01140508299999965,0.012345291000087855
c,L4_D16,apple_fk_openmp,wall_seconds,0.028746957999942424,0.027608500000042113,0.02956170800007385
c,L4_D64,apple_fk_openmp,wall_seconds,0.08287991699990016,0.07985549999989416,0.08318141700010528
c,L4_D256,apple_fk_openmp,wall_seconds,0.28927166599999055,0.28792041700000937,0.34094233400003304
c,L4_D1,remote_fk_openmp,wall_seconds,0.10690888005774468,0.10027940606232733,0.12094517191872001
c,L4_D16,remote_fk_openmp,wall_seconds,0.24249264399986714,0.22655364801175892,0.267155678011477
c,L4_D64,remote_fk_openmp,wall_seconds,0.62829692394007,0.585783397895284,0.6824326310306787
c,L4_D256,remote_fk_openmp,wall_seconds,2.1057773829670623,2.0227665989659727,2.2035041640046984
d,L4_D1,apple_mps,c1,9.546858667247474,9.304562419134442,10.003927557500921
d,L4_D16,apple_mps,c1,13.349174730695841,12.557746899233605,13.602309924004468
d,L4_D64,apple_mps,c1,20.618398622862472,19.883831476432455,20.73586197778249
d,L4_D256,apple_mps,c1,35.870745057003994,35.044179293439726,36.55808953802487
d,L4_D1,apple_cpu_16,c1,10.894224734224757,10.628393491881857,11.264659127914099
d,L4_D16,apple_cpu_16,c1,11.2109518394777,11.016143620518347,11.668465165679002
d,L4_D64,apple_cpu_16,c1,11.412165326738524,11.15540725911191,11.863248505254354
d,L4_D256,apple_cpu_16,c1,11.684297432037967,11.520036571904594,11.78976798382645
d,L4_D1,remote_cpu_32,c1,10.335276210739432,9.5623507228331,10.9461970037017
d,L4_D16,remote_cpu_32,c1,11.107679815742117,10.503864555279783,11.552204606499412
d,L4_D64,remote_cpu_32,c1,12.188717967383013,11.683781359212285,13.078096358004705
d,L4_D256,remote_cpu_32,c1,13.156235504006217,11.06274109300785,13.751875092764967
d,L4_D1,rtx5090,c1,14.514900262212606,10.12015102165304,22.11183013370409
d,L4_D16,rtx5090,c1,14.428659099247398,13.744541367714927,15.415292582388393
d,L4_D64,rtx5090,c1,19.876076688988707,19.252488186545126,21.980515056015346
d,L4_D256,rtx5090,c1,23.88246667710146,19.690952655562597,25.11288165139859
d,L4_D1,apple_fk_openmp,fk_serial,11.313444964275416,10.475556388180927,11.47525256939456
d,L4_D16,apple_fk_openmp,fk_serial,11.303998948364201,10.957710055156438,11.930631254851054
d,L4_D64,apple_fk_openmp,fk_serial,11.451922870544445,11.38453296604475,11.942024444167615
d,L4_D256,apple_fk_openmp,fk_serial,11.804270809572147,9.99599539316714,11.895997434596255
d,L4_D1,remote_fk_openmp,fk_serial,7.261527747829275,6.159920642335297,7.952874436407863
d,L4_D16,remote_fk_openmp,fk_serial,11.252079720917326,10.00890697073072,12.119242802254186
d,L4_D64,remote_fk_openmp,fk_serial,13.933546217551225,12.447453400847406,15.01122609740262
d,L4_D256,remote_fk_openmp,fk_serial,15.273665951226718,14.420753156752713,16.41796086704437
e,L4_D64,apple_mps,fk_parallel,1.809618331939641,1.690991014054943,1.822337219185423
e,L8_D64,apple_mps,fk_parallel,1.2159170593945716,1.1955482722659947,1.2740359356397886
e,L16_D64,apple_mps,fk_parallel,0.8419796175524086,0.786144732135136,0.8787298726282432
e,L32_D64,apple_mps,fk_parallel,0.6044894026539458,0.5939941842683519,0.625353086618285
e,L64_D64,apple_mps,fk_parallel,0.4548944848587007,0.43897774292274555,0.49259257669882317
e,L4_D64,apple_cpu_16,fk_parallel,1.0016133629064974,0.9486950971013778,1.0425821369149944
e,L8_D64,apple_cpu_16,fk_parallel,0.8153734887712701,0.8042315859428787,0.884353675203563
e,L16_D64,apple_cpu_16,fk_parallel,0.6704375222486648,0.6451081560998346,0.6895184090634212
e,L32_D64,apple_cpu_16,fk_parallel,0.5544697962256139,0.5201123137760095,0.5749899760829034
e,L64_D64,apple_cpu_16,fk_parallel,0.44581052905506013,0.43155459880634617,0.4792444452295684
e,L4_D64,remote_cpu_32,fk_parallel,1.284779034634219,1.1632301534894325,1.4122755998653032
e,L8_D64,remote_cpu_32,fk_parallel,1.131600997029422,1.0226869336523425,1.3069222746175815
e,L16_D64,remote_cpu_32,fk_parallel,0.9073140929938034,0.8330919122631083,0.9697333098287941
e,L32_D64,remote_cpu_32,fk_parallel,0.7317341676962855,0.7024686868528822,0.848739297908882
e,L64_D64,remote_cpu_32,fk_parallel,0.6258838671842728,0.605235219999416,0.6546266137837039
e,L4_D64,rtx5090,fk_parallel,2.09508224647825,1.9167659937962276,2.3736287175374877
e,L8_D64,rtx5090,fk_parallel,1.6283938561038018,1.518467848035514,1.836051170024579
e,L16_D64,rtx5090,fk_parallel,1.3213959114122849,1.1650247426374878,1.4374180734110018
e,L32_D64,rtx5090,fk_parallel,1.1457474276466872,1.0524036107687322,1.3606458406400077
e,L64_D64,rtx5090,fk_parallel,0.9439349015865512,0.8984216773336337,1.0549087042002832
f,Z1_R10,apple_mps,fk_parallel,1.8877630135153303,1.8239777150194292,1.9352750467166948
f,Z8_R10,apple_mps,fk_parallel,1.4432307907451083,1.324167947097939,1.7096625175197335
f,Z25_R10,apple_mps,fk_parallel,1.5279391260087443,1.441088350607614,1.7036989727103269
f,Z45_R10,apple_mps,fk_parallel,1.616672016323932,1.3616433686851026,1.8395274028190427
f,Z1_R10,apple_cpu_16,fk_parallel,0.9769517969882517,0.948068170419714,1.002732870551991
f,Z8_R10,apple_cpu_16,fk_parallel,0.7951945108285988,0.6683282031297983,0.9297781313722456
f,Z25_R10,apple_cpu_16,fk_parallel,0.8498577311658868,0.7974183833708276,0.9245386617774662
f,Z45_R10,apple_cpu_16,fk_parallel,0.9227133600729657,0.7514849474872694,1.035963106114463
f,Z1_R10,remote_cpu_32,fk_parallel,1.1370064546729461,1.0965922218370168,1.390730418050957
f,Z8_R10,remote_cpu_32,fk_parallel,1.4711719853371532,1.3876876453409768,1.6162879724291257
f,Z25_R10,remote_cpu_32,fk_parallel,1.3458095637453076,1.0998549723750852,1.5586864412145602
f,Z45_R10,remote_cpu_32,fk_parallel,1.3384751555707943,1.2488003327486152,1.4472608876339195
f,Z1_R10,rtx5090,fk_parallel,1.9652289542364363,1.8639952775683835,2.385693994978405
f,Z8_R10,rtx5090,fk_parallel,2.37880671046019,2.2949864252245797,2.5709639760620995
f,Z25_R10,rtx5090,fk_parallel,2.0724874651953797,1.7229379584287579,2.290439471713637
f,Z45_R10,rtx5090,fk_parallel,2.0995039444114885,2.0644501962289774,2.1628335322105925
g,Z8_R1,apple_mps,fk_parallel,0.8801267021820635,0.7638156293885496,1.952287274875976
g,Z8_R10,apple_mps,fk_parallel,1.4432307907451083,1.324167947097939,1.7096625175197335
g,Z8_R100,apple_mps,fk_parallel,1.8356479603047648,1.600014710116748,2.0157870667672775
g,Z8_R1000,apple_mps,fk_parallel,1.8529539556761099,1.768719725869726,2.1942826703790903
g,Z8_R1,apple_cpu_16,fk_parallel,0.4612116781592625,0.3575938968149067,0.9974704292428014
g,Z8_R10,apple_cpu_16,fk_parallel,0.7951945108285988,0.6683282031297983,0.9297781313722456
g,Z8_R100,apple_cpu_16,fk_parallel,1.01392601940776,0.9323081188664443,1.108454424789592
g,Z8_R1000,apple_cpu_16,fk_parallel,1.014055339992545,0.9428684492567361,1.1647970753312011
g,Z8_R1,remote_cpu_32,fk_parallel,0.7868274402537777,0.676753804137475,0.840906462374308
g,Z8_R10,remote_cpu_32,fk_parallel,1.4711719853371532,1.3876876453409768,1.6162879724291257
g,Z8_R100,remote_cpu_32,fk_parallel,1.4929294948441876,1.2904050284698805,1.8616629392652886
g,Z8_R1000,remote_cpu_32,fk_parallel,1.589916710921825,1.3934660680231,1.722120497522208
g,Z8_R1,rtx5090,fk_parallel,1.281231533667019,1.1315069722659774,1.4543867031194007
g,Z8_R10,rtx5090,fk_parallel,2.37880671046019,2.2949864252245797,2.5709639760620995
g,Z8_R100,rtx5090,fk_parallel,2.510351242382192,2.20929123001537,3.29829297965001
g,Z8_R1000,rtx5090,fk_parallel,2.753468620478415,2.4747064407672488,2.992195238343663
h,1,forward,repeated_over_shared,0.9759975485599748,,
h,4,forward,repeated_over_shared,3.2250851775411005,,
h,16,forward,repeated_over_shared,9.382063590013068,,
h,32,forward,repeated_over_shared,14.142760710415107,,
h,1,value_vjp,repeated_over_shared,0.9924946896792658,,
h,4,value_vjp,repeated_over_shared,3.360495097239212,,
h,16,value_vjp,repeated_over_shared,8.29166129992907,,
h,32,value_vjp,repeated_over_shared,11.38414403182183,,
h,1,update,repeated_over_shared,0.9960691989747049,,
h,4,update,repeated_over_shared,3.3241212755228373,,
h,16,update,repeated_over_shared,8.459422516769775,,
h,32,update,repeated_over_shared,11.37442011481488,,
