case,layers,receivers,source_depth_km,nominal_range_km,samples,dt_s,period_km,wavenumber_nodes,configuration,threads,median_s,min_s,max_s,fk_serial_over_time,fk_parallel_over_time,c1_over_time,max_waveform_channel_error_vs_fk
L4_D1,4,1,8.0,20.0,256,0.5,2394.021400914341,252506,apple_fk_serial,1,0.12967329200000677,0.12932379199992283,0.13087620799990418,1.0,0.08839040656119426,2.4562456469445295,0.0
L4_D1,4,1,8.0,20.0,256,0.5,2394.021400914341,252506,apple_fk_openmp,16,0.011461875000009059,0.01140508299999965,0.012345291000087855,11.313444964275416,1.0,27.788599945448,0.0
L4_D1,4,1,8.0,20.0,256,0.5,2394.021400914341,252506,apple_cpu_1,1,0.3185094589999835,0.31439495800009354,0.32061004199999843,0.40712540345627063,0.03598597993289,1.0,4.778128115114329e-08
L4_D1,4,1,8.0,20.0,256,0.5,2394.021400914341,252506,apple_cpu_16,16,0.029236542000035115,0.02846158399995602,0.0295806660000153,4.435315640264537,0.39203935267020606,10.894224734224757,4.778128115114329e-08
L4_D1,4,1,8.0,20.0,256,0.5,2394.021400914341,252506,apple_mps,16,0.033362749999923835,0.032048416999941765,0.033789333000072475,3.8867686866431215,0.3435530644217046,9.546858667247474,4.7781281192496314e-08
L4_D1,4,1,8.0,20.0,256,0.5,2394.021400914341,252506,remote_fk_serial,1,0.7763217990286648,0.7450126610929146,0.7975095249712467,1.0,0.13771206758783439,1.9517664322318766,0.0
L4_D1,4,1,8.0,20.0,256,0.5,2394.021400914341,252506,remote_fk_openmp,32,0.10690888005774468,0.10027940606232733,0.12094517191872001,7.261527747829275,1.0,14.17280610493352,0.0
L4_D1,4,1,8.0,20.0,256,0.5,2394.021400914341,252506,remote_cpu_1,1,1.5151988279540092,1.459227056009695,1.5205125489737839,0.512356388287959,0.07055765757297014,1.0,4.778126268781024e-08
L4_D1,4,1,8.0,20.0,256,0.5,2394.021400914341,252506,remote_cpu_32,32,0.14660457998979837,0.13890783698298037,0.15260129002854228,5.295344791292918,0.7292328797994172,10.335276210739432,4.778126268781024e-08
L4_D1,4,1,8.0,20.0,256,0.5,2394.021400914341,252506,rtx5090,32,0.10438920010346919,0.06876466306857765,0.14419024507515132,7.436801874707201,1.0241373624070116,14.514900262212606,4.7781262902614204e-08
L4_D16,4,16,8.0,20.0,256,0.5,2394.021400914341,252506,apple_fk_serial,1,0.32495558300001903,0.32392862500000774,0.3293868330000578,1.0,0.08846426866880677,1.430090573332351,0.0
L4_D16,4,16,8.0,20.0,256,0.5,2394.021400914341,252506,apple_fk_openmp,16,0.028746957999942424,0.027608500000042113,0.02956170800007385,11.303998948364201,1.0,16.165742337014454,0.0
L4_D16,4,16,8.0,20.0,256,0.5,2394.021400914341,252506,apple_cpu_1,1,0.4647159160000456,0.46282674999997653,0.472266541999943,0.6992564098019556,0.06185920690510545,1.0,4.032657539446374e-08
L4_D16,4,16,8.0,20.0,256,0.5,2394.021400914341,252506,apple_cpu_16,16,0.041451958999914496,0.04047375000004649,0.042013499999939086,7.839329933735805,0.6935005894414236,11.2109518394777,4.032657539446374e-08
L4_D16,4,16,8.0,20.0,256,0.5,2394.021400914341,252506,apple_mps,16,0.03481233299999076,0.03471958399995856,0.03685587500001475,9.33449599600536,0.8257693616785193,13.349174730695841,4.0326575345917305e-08
L4_D16,4,16,8.0,20.0,256,0.5,2394.021400914341,252506,remote_fk_serial,1,2.7285465620225295,2.673936327919364,2.745658667990938,1.0,0.08887245956327751,0.9512494923775398,0.0
L4_D16,4,16,8.0,20.0,256,0.5,2394.021400914341,252506,remote_fk_openmp,32,0.24249264399986714,0.22655364801175892,0.267155678011477,11.252079720917326,1.0,10.703535122714216,0.0
L4_D16,4,16,8.0,20.0,256,0.5,2394.021400914341,252506,remote_cpu_1,1,2.5955285320524126,2.548609388060868,2.677437571110204,1.0512489184100522,0.0934270769923366,1.0,4.032655387867685e-08
L4_D16,4,16,8.0,20.0,256,0.5,2394.021400914341,252506,remote_cpu_32,32,0.23366972897201777,0.23176853789482266,0.24263540096580982,11.67693639234407,1.037758057351562,11.107679815742117,4.032655387867685e-08
L4_D16,4,16,8.0,20.0,256,0.5,2394.021400914341,252506,rtx5090,32,0.17988702305592597,0.17368710692971945,0.1854270229814574,15.168112272191186,1.3480274445615648,14.428659099247398,4.032655401861259e-08
L4_D64,4,64,8.0,20.0,256,0.5,2394.021400914341,252506,apple_fk_serial,1,0.949134416999982,0.9469815840000138,0.9536363329999631,1.0,0.08732158007910668,0.9949231363717643,0.0
L4_D64,4,64,8.0,20.0,256,0.5,2394.021400914341,252506,apple_fk_openmp,16,0.08287991699990016,0.07985549999989416,0.08318141700010528,11.451922870544445,1.0,11.393783019849618,0.0
L4_D64,4,64,8.0,20.0,256,0.5,2394.021400914341,252506,apple_cpu_1,1,0.9443157910000082,0.9389957079999931,0.9464979169999879,1.0051027696940988,0.08776716199157517,1.0,3.9755193411729414e-08
L4_D64,4,64,8.0,20.0,256,0.5,2394.021400914341,252506,apple_cpu_16,16,0.08274641700006669,0.07978404200002842,0.08417404099998294,11.47039897811185,1.0016133629064974,11.412165326738524,3.9755193411729414e-08
L4_D64,4,64,8.0,20.0,256,0.5,2394.021400914341,252506,apple_mps,16,0.045799666999982946,0.04564545799996722,0.047224082999946404,20.723609562496065,1.809618331939641,20.618398622862472,3.975519339609635e-08
L4_D64,4,64,8.0,20.0,256,0.5,2394.021400914341,252506,remote_fk_serial,1,8.754404228064232,8.494548373972066,8.79332702991087,1.0,0.07176923838242714,0.680875840744347,0.0
L4_D64,4,64,8.0,20.0,256,0.5,2394.021400914341,252506,remote_fk_openmp,32,0.62829692394007,0.585783397895284,0.6824326310306787,13.933546217551225,1.0,9.487014995425406,0.0
L4_D64,4,64,8.0,20.0,256,0.5,2394.021400914341,252506,remote_cpu_1,1,5.9606623389991,5.883758364012465,6.319531193003058,1.4686965525267868,0.1054072329897439,1.0,3.975517653424068e-08
L4_D64,4,64,8.0,20.0,256,0.5,2394.021400914341,252506,remote_cpu_32,32,0.48903111508116126,0.4832149129360914,0.5035834019072354,17.901528058416734,1.284779034634219,12.188717967383013,3.975517653424068e-08
L4_D64,4,64,8.0,20.0,256,0.5,2394.021400914341,252506,rtx5090,32,0.29989129304885864,0.2875060560181737,0.3056102830450982,29.191925310875742,2.09508224647825,19.876076688988707,3.9755176661602166e-08
L4_D256,4,256,8.0,20.0,256,0.5,2394.021400914341,252506,apple_fk_serial,1,3.4146410829999922,3.4080579999999827,3.4251005419999956,1.0,0.08471510151979016,0.8485649163613475,0.0
L4_D256,4,256,8.0,20.0,256,0.5,2394.021400914341,252506,apple_fk_openmp,16,0.28927166599999055,0.28792041700000937,0.34094233400003304,11.804270809572147,1.0,10.016690072231285,0.0
L4_D256,4,256,8.0,20.0,256,0.5,2394.021400914341,252506,apple_cpu_1,1,2.8975446249999095,2.8900963749999846,2.897962792000044,1.1784602223339697,0.09983337737205672,1.0,3.969177410080767e-08
L4_D256,4,256,8.0,20.0,256,0.5,2394.021400914341,252506,apple_cpu_16,16,0.24798620900003243,0.2458032079999839,0.2508756250000488,13.769479749575694,1.1664828748599996,11.684297432037967,3.969177410080767e-08
L4_D256,4,256,8.0,20.0,256,0.5,2394.021400914341,252506,apple_mps,16,0.08077737500002513,0.07927008299998306,0.08247008300008929,42.272246195162076,3.581097627892718,35.870745057003994,3.969177408841602e-08
L4_D256,4,256,8.0,20.0,256,0.5,2394.021400914341,252506,remote_fk_serial,1,32.162940315087326,31.776189628988504,33.209702864987776,1.0,0.06547216648532792,0.5485329794227617,0.0
L4_D256,4,256,8.0,20.0,256,0.5,2394.021400914341,252506,remote_fk_openmp,32,2.1057773829670623,2.0227665989659727,2.2035041640046984,15.273665951226718,1.0,8.378109490934381,0.0
L4_D256,4,256,8.0,20.0,256,0.5,2394.021400914341,252506,remote_cpu_1,1,17.642433478031307,15.778914664988406,18.22157531103585,1.82304444311139,0.11935866928954082,1.0,3.969175784764367e-08
L4_D256,4,256,8.0,20.0,256,0.5,2394.021400914341,252506,remote_cpu_32,32,1.3409940459532663,1.325024783029221,1.426311483955942,23.98440202784331,1.5703107626179935,13.156235504006217,3.969175784764367e-08
L4_D256,4,256,8.0,20.0,256,0.5,2394.021400914341,252506,rtx5090,32,0.7387190660228953,0.7255867950152606,0.8013281500898302,43.53879816348275,2.850579441930632,23.88246667710146,3.9691757950225463e-08
L8_D64,8,64,8.0,20.0,256,0.5,2394.021400914341,252506,apple_fk_serial,1,1.0472005830000626,1.038820792000024,1.0518142079999961,1.0,0.08291896835201668,1.1696786125642689,0.0
L8_D64,8,64,8.0,20.0,256,0.5,2394.021400914341,252506,apple_fk_openmp,16,0.0868327919999956,0.08594283399997948,0.09038754199991672,12.059966734688382,1.0,14.106285157801546,0.0
L8_D64,8,64,8.0,20.0,256,0.5,2394.021400914341,252506,apple_cpu_1,1,1.2248881250000068,1.2222656249999773,1.226020415999983,0.8549356970866681,0.07089038600973875,1.0,3.961484228575957e-08
L8_D64,8,64,8.0,20.0,256,0.5,2394.021400914341,252506,apple_cpu_16,16,0.10649450000005345,0.10220745900005568,0.10686329099996783,9.83337715092833,0.8153734887712701,11.501890942719033,3.961484228575957e-08
L8_D64,8,64,8.0,20.0,256,0.5,2394.021400914341,252506,apple_mps,16,0.07141341700003068,0.07094583399998555,0.07188570799996796,14.663919288438652,1.2159170593945716,17.152072768055344,3.96148423009604e-08
L8_D64,8,64,8.0,20.0,256,0.5,2394.021400914341,252506,remote_fk_serial,1,9.215045264922082,9.03350317501463,10.082947769085877,1.0,0.07326490143609297,0.7720416411968333,0.0
L8_D64,8,64,8.0,20.0,256,0.5,2394.021400914341,252506,remote_fk_openmp,32,0.6751393830636516,0.6382303659338504,0.7310442270245403,13.649100461457298,1.0,10.537673921123947,0.0
L8_D64,8,64,8.0,20.0,256,0.5,2394.021400914341,252506,remote_cpu_1,1,7.114398670033552,6.757008161046542,7.16104441601783,1.295266921677672,0.0948976033501462,1.0,3.9614513037790767e-08
L8_D64,8,64,8.0,20.0,256,0.5,2394.021400914341,252506,remote_cpu_32,32,0.596623177989386,0.5593632010277361,0.6240720839705318,15.445335690739824,1.131600997029422,11.924442315514797,3.9614513037790767e-08
L8_D64,8,64,8.0,20.0,256,0.5,2394.021400914341,252506,rtx5090,32,0.4146044770022854,0.39816114003770053,0.420312070986256,22.22611133278063,1.6283938561038018,17.159483470783492,3.961451307340369e-08
L16_D64,16,64,8.0,20.0,256,0.5,2394.021400914341,252506,apple_fk_serial,1,1.2220252089999804,1.2182377499999575,1.2246167920000062,1.0,0.0845731669354175,1.4582287835601977,0.0
L16_D64,16,64,8.0,20.0,256,0.5,2394.021400914341,252506,apple_fk_openmp,16,0.10335054200004379,0.1008142499999849,0.10579812499997843,11.824081280574829,1.0,17.24221566248954,0.0
L16_D64,16,64,8.0,20.0,256,0.5,2394.021400914341,252506,apple_cpu_1,1,1.7819923339999377,1.779983457999947,1.789455332999978,0.6857634489689242,0.057997186647856476,1.0,3.965766399665575e-08
L16_D64,16,64,8.0,20.0,256,0.5,2394.021400914341,252506,apple_cpu_16,16,0.15415387500001998,0.15343770899994524,0.15627495800004,7.9273077566154075,0.6704375222486648,11.559828346836605,3.965766399665575e-08
L16_D64,16,64,8.0,20.0,256,0.5,2394.021400914341,252506,apple_mps,16,0.12274708300003567,0.12039891699998861,0.12823879099994429,9.955635434526988,0.8419796175524086,14.51759414925909,3.9657663962999274e-08
L16_D64,16,64,8.0,20.0,256,0.5,2394.021400914341,252506,remote_fk_serial,1,10.221394303021953,10.029301336966455,10.324370041955262,1.0,0.07203331327936405,0.9095126469409094,0.0
L16_D64,16,64,8.0,20.0,256,0.5,2394.021400914341,252506,remote_fk_openmp,32,0.7362808979814872,0.7064442900009453,0.7660150030860677,13.882465688087096,1.0,12.626278114038447,0.0
L16_D64,16,64,8.0,20.0,256,0.5,2394.021400914341,252506,remote_cpu_1,1,9.296487387968227,9.140345263993368,9.371966843027622,1.099489933827132,0.07919990285087704,1.0,3.965695404790946e-08
L16_D64,16,64,8.0,20.0,256,0.5,2394.021400914341,252506,remote_cpu_32,32,0.8114950529998168,0.7899233689531684,0.8479788119439036,12.59575676430434,0.9073140929938034,11.456000074926305,3.965695404790946e-08
L16_D64,16,64,8.0,20.0,256,0.5,2394.021400914341,252506,rtx5090,32,0.5571993159828708,0.532910373993218,0.6063770700711757,18.34423340055962,1.3213959114122849,16.68431227624482,3.965695405719711e-08
L32_D64,32,64,8.0,20.0,256,0.5,2394.021400914341,252506,apple_fk_serial,1,1.5964728750000177,1.5912917919999927,1.6122486669999034,1.0,0.08527848680179087,1.8259468285672849,0.0
L32_D64,32,64,8.0,20.0,256,0.5,2394.021400914341,252506,apple_fk_openmp,16,0.13614479100010612,0.13446704199998294,0.1402782920000618,11.726286869093459,1.0,21.4115763194914,0.0
L32_D64,32,64,8.0,20.0,256,0.5,2394.021400914341,252506,apple_cpu_1,1,2.915074582999978,2.9120612079999546,2.921867124999949,0.5476610733427776,0.04670370761491668,1.0,3.969189803645164e-08
L32_D64,32,64,8.0,20.0,256,0.5,2394.021400914341,252506,apple_cpu_16,16,0.24554049999994731,0.24396650000005593,0.25853462500003843,6.501871890789341,0.5544697962256139,11.872072358737574,3.969189803645164e-08
L32_D64,32,64,8.0,20.0,256,0.5,2394.021400914341,252506,apple_mps,16,0.2252227919999541,0.22431854100000237,0.2263777079999727,7.088416144847113,0.6044894026539458,12.943070979248725,3.9691898070754677e-08
L32_D64,32,64,8.0,20.0,256,0.5,2394.021400914341,252506,remote_fk_serial,1,12.215981974964961,11.987103906925768,14.221453786012717,1.0,0.07306413792911601,1.1029999971065185,0.0
L32_D64,32,64,8.0,20.0,256,0.5,2394.021400914341,252506,remote_fk_openmp,32,0.8925501919584349,0.875615264987573,0.9790901569649577,13.686605061571537,1.0,15.096325343311465,0.0
L32_D64,32,64,8.0,20.0,256,0.5,2394.021400914341,252506,remote_cpu_1,1,13.474228083039634,13.191632667090744,13.677839829935692,0.9066183160682533,0.06624128569427375,1.0,3.9687319799755336e-08
L32_D64,32,64,8.0,20.0,256,0.5,2394.021400914341,252506,remote_cpu_32,32,1.2197738350369036,1.153581741033122,1.2464829840464517,10.014956563316817,0.7317341676962855,11.046497060360355,3.9687319799755336e-08
L32_D64,32,64,8.0,20.0,256,0.5,2394.021400914341,252506,rtx5090,32,0.7790112990187481,0.7195775180589408,0.832014690968208,15.681392542511716,1.1457474276466872,17.296575929016605,3.9687319787493694e-08
L64_D64,64,64,8.0,20.0,256,0.5,2394.021400914341,252506,apple_fk_serial,1,2.3200638329999492,2.314603541999986,2.3315461249999316,1.0,0.08506974988905872,2.2266339225331864,0.0
L64_D64,64,64,8.0,20.0,256,0.5,2394.021400914341,252506,apple_fk_openmp,16,0.19736724999995658,0.194395459000134,0.20983749999982138,11.755059833890677,1.0,26.174214987548304,0.0
L64_D64,64,64,8.0,20.0,256,0.5,2394.021400914341,252506,apple_cpu_1,1,5.165932833000056,5.123251333000098,5.207689165999909,0.44910840074794367,0.03820553932470272,1.0,3.9687875974814876e-08
L64_D64,64,64,8.0,20.0,256,0.5,2394.021400914341,252506,apple_cpu_16,16,0.4427155420000872,0.4378506670000206,0.45045391600001494,5.24052944362069,0.44581052905506013,11.668740631199793,3.9687875974814876e-08
L64_D64,64,64,8.0,20.0,256,0.5,2394.021400914341,252506,apple_mps,16,0.43387479199986956,0.42598591599994506,0.4428367089999483,5.347311887620903,0.4548944848587007,11.906506043341668,3.968787597761125e-08
L64_D64,64,64,8.0,20.0,256,0.5,2394.021400914341,252506,remote_fk_serial,1,15.825042602955364,15.64409329497721,17.153995511005633,1.0,0.07814852534823749,1.4213697017031939,0.0
L64_D64,64,64,8.0,20.0,256,0.5,2394.021400914341,252506,remote_fk_openmp,32,1.2367037429939955,1.2083609610563144,1.2823582839919254,12.796146767247391,1.0,18.188055313512713,0.0
L64_D64,64,64,8.0,20.0,256,0.5,2394.021400914341,252506,remote_cpu_1,1,22.493236084003,22.42778774292674,22.6892403899692,0.7035467259515406,0.05498113914669347,1.0,3.9684562860127435e-08
L64_D64,64,64,8.0,20.0,256,0.5,2394.021400914341,252506,remote_cpu_32,32,1.9759316509589553,1.9589155970606953,1.9965146130416542,8.008901823742328,0.6258838671842728,11.383610396182798,3.9684562860127435e-08
L64_D64,64,64,8.0,20.0,256,0.5,2394.021400914341,252506,rtx5090,32,1.3101578730857,1.2156106769107282,1.344981973990798,12.078729539428732,0.9439349015865512,17.168340202411375,3.968456280446891e-08
Z1_R10,4,64,1.0,10.0,256,2.0,8444.601866021645,569799,apple_fk_serial,1,2.0202621670000553,2.012943250000035,2.024945624999873,1.0,0.08707508504259275,1.039844456979283,0.0
Z1_R10,4,64,1.0,10.0,256,2.0,8444.601866021645,569799,apple_fk_openmp,16,0.17591449999986253,0.17184841699986464,0.17916195800012247,11.484341353337184,1.0,11.941928698325631,0.0
Z1_R10,4,64,1.0,10.0,256,2.0,8444.601866021645,569799,apple_cpu_1,1,2.1007584159999624,2.0979689159998998,2.11135216699995,0.9616822913159242,0.08373856730028956,1.0,5.530566938852848e-05
Z1_R10,4,64,1.0,10.0,256,2.0,8444.601866021645,569799,apple_cpu_16,16,0.18006466700012425,0.1786736659998951,0.18126166699994428,11.219647922369253,0.9769517969882517,11.666688701334797,5.530566938852848e-05
Z1_R10,4,64,1.0,10.0,256,2.0,8444.601866021645,569799,apple_mps,16,0.09318675000008625,0.09257700000011937,0.09421629200005555,21.67971484141453,1.8877630135153303,22.543531306736398,5.53056693885674e-05
Z1_R10,4,64,1.0,10.0,256,2.0,8444.601866021645,569799,remote_fk_serial,1,19.18674142996315,18.93795426597353,19.556710588978603,1.0,0.06694022634033167,0.7582454900995427,0.0
Z1_R10,4,64,1.0,10.0,256,2.0,8444.601866021645,569799,remote_fk_openmp,32,1.2843648140551522,1.2446955459890887,1.491217305068858,14.938700609046151,1.0,11.327202364756536,0.0
Z1_R10,4,64,1.0,10.0,256,2.0,8444.601866021645,569799,remote_cpu_1,1,14.548260158975609,14.214365005958825,14.810836173011921,1.3188340887708012,0.08828305240766252,1.0,2.45101061066241e-05
Z1_R10,4,64,1.0,10.0,256,2.0,8444.601866021645,569799,remote_cpu_32,32,1.1296020429581404,1.072254755999893,1.1350577919511124,16.985399016912147,1.1370064546729461,12.87910220211484,2.45101061066241e-05
Z1_R10,4,64,1.0,10.0,256,2.0,8444.601866021645,569799,rtx5090,32,0.6535446220077574,0.6250664620893076,0.667756812996231,29.35796697556698,1.9652289542364363,22.260546057714976,2.4510103012609013e-05
Z8_R10,4,64,8.0,10.0,256,2.0,8451.68372781641,136371,apple_fk_serial,1,0.43596854199995505,0.4287405000000035,0.45363287500003935,1.0,0.0887856491259448,1.1903164838901676,0.0
Z8_R10,4,64,8.0,10.0,256,2.0,8451.68372781641,136371,apple_fk_openmp,16,0.03870774999995774,0.036905333999811774,0.04209787500008133,11.263081475942958,1.0,13.406631540212903,0.0
Z8_R10,4,64,8.0,10.0,256,2.0,8451.68372781641,136371,apple_cpu_1,1,0.5189405420001094,0.516344583000091,0.5898400409998885,0.840112704086749,0.0745899517712948,1.0,7.655618406209365e-08
Z8_R10,4,64,8.0,10.0,256,2.0,8451.68372781641,136371,apple_cpu_16,16,0.04867708400001902,0.04527733400004763,0.05522037499986254,8.956340564685114,0.7951945108285988,10.660879809478864,7.655618406209365e-08
Z8_R10,4,64,8.0,10.0,256,2.0,8451.68372781641,136371,apple_mps,16,0.026820208000117418,0.024623499999961496,0.02787058400008391,16.255225984751736,1.4432307907451083,19.348863439009776,7.655618406632282e-08
Z8_R10,4,64,8.0,10.0,256,2.0,8451.68372781641,136371,remote_fk_serial,1,4.058682839968242,3.9451773759210482,4.153180708060972,1.0,0.08211627543210887,0.6922138045249566,0.0
Z8_R10,4,64,8.0,10.0,256,2.0,8451.68372781641,136371,remote_fk_openmp,32,0.33328391797840595,0.32387626206036657,0.35531363589689136,12.17785383881382,1.0,8.429678536714164,0.0
Z8_R10,4,64,8.0,10.0,256,2.0,8451.68372781641,136371,remote_cpu_1,1,2.8094762900145724,2.7848908869782463,2.906540083931759,1.4446403603381859,0.11862848572987147,1.0,7.591415580377063e-08
Z8_R10,4,64,8.0,10.0,256,2.0,8451.68372781641,136371,remote_cpu_32,32,0.22654313792008907,0.2198331250110641,0.2333927690051496,17.9157174091934,1.4711719853371532,12.401506908611765,7.591415580377063e-08
Z8_R10,4,64,8.0,10.0,256,2.0,8451.68372781641,136371,rtx5090,32,0.14010550605598837,0.13820249494165182,0.14112338901031762,28.968760430773706,2.37880671046019,20.052575870157888,7.591418591133362e-08
Z25_R10,4,64,25.0,10.0,256,2.0,8489.672382524663,198770,apple_fk_serial,1,0.6723813749999863,0.6672043340001892,0.692275249999966,1.0,0.08597111274839335,1.1202407264774916,0.0
Z25_R10,4,64,25.0,10.0,256,2.0,8489.672382524663,198770,apple_fk_openmp,16,0.05780537500004357,0.056095624999898064,0.060139082999967286,11.631814083023931,1.0,13.030431858617847,0.0
Z25_R10,4,64,25.0,10.0,256,2.0,8489.672382524663,198770,apple_cpu_1,1,0.7532289999999193,0.7490999170001942,0.7562987499998144,0.8926652784213809,0.07674342729774047,1.0,8.988605508723025e-08
Z25_R10,4,64,25.0,10.0,256,2.0,8489.672382524663,198770,apple_cpu_16,16,0.06801770800007034,0.06504766700004438,0.07034654099993531,9.88538712594213,0.8498577311658868,11.074013255476652,8.988605508723025e-08
Z25_R10,4,64,25.0,10.0,256,2.0,8489.672382524663,198770,apple_mps,16,0.03783225000006496,0.0352991249999377,0.03892587500013178,17.77270384391179,1.5279391260087443,19.90970666557305,8.988605539896654e-08
Z25_R10,4,64,25.0,10.0,256,2.0,8489.672382524663,198770,remote_fk_serial,1,6.304449291084893,6.011955371010117,6.349649139097892,1.0,0.07706402233552162,0.6968030709971259,0.0
Z25_R10,4,64,25.0,10.0,256,2.0,8489.672382524663,198770,remote_fk_openmp,32,0.4858462209813297,0.4206090539228171,0.5298803889891133,12.97622379021687,1.0,9.04187258696908,0.0
Z25_R10,4,64,25.0,10.0,256,2.0,8489.672382524663,198770,remote_cpu_1,1,4.392959626973607,4.332039015018381,4.493276470922865,1.4351257071370236,0.11059655954908885,1.0,8.988289852068174e-08
Z25_R10,4,64,25.0,10.0,256,2.0,8489.672382524663,198770,remote_cpu_32,32,0.36100666399579495,0.33995316503569484,0.382422287017107,17.46352607817325,1.3458095637453076,12.168638601709514,8.988289852068174e-08
Z25_R10,4,64,25.0,10.0,256,2.0,8489.672382524663,198770,rtx5090,32,0.2344266149448231,0.2313444190658629,0.2441231571137905,26.893061150794544,2.0724874651953797,18.739167598387137,8.988289745020388e-08
Z45_R10,4,64,45.0,10.0,256,2.0,8542.34615213881,193534,apple_fk_serial,1,0.6681824999998298,0.6570619999999963,0.6698952910001026,1.0,0.09077877974944475,1.12252484613127,0.0
Z45_R10,4,64,45.0,10.0,256,2.0,8542.34615213881,193534,apple_fk_openmp,16,0.060656791999917914,0.056916750000027605,0.06595916699984627,11.01579028447027,1.0,12.36549829408933,0.0
Z45_R10,4,64,45.0,10.0,256,2.0,8542.34615213881,193534,apple_cpu_1,1,0.7500514579999162,0.7296073330001036,0.7610990829998627,0.8908488782644356,0.08087017411000712,1.0,9.619552823885524e-08
Z45_R10,4,64,45.0,10.0,256,2.0,8542.34615213881,193534,apple_cpu_16,16,0.06573741600004723,0.06366941700002826,0.07573904199989556,10.164416867242693,0.9227133600729657,11.40981047991569,9.619552823885524e-08
Z45_R10,4,64,45.0,10.0,256,2.0,8542.34615213881,193534,apple_mps,16,0.03751954099993782,0.035856582999940656,0.04180004199997711,17.808919890596137,1.616672016323932,19.99095505995554,9.619552807881687e-08
Z45_R10,4,64,45.0,10.0,256,2.0,8542.34615213881,193534,remote_fk_serial,1,6.153862377046607,6.060884136008099,6.1790656100492924,1.0,0.07890938377431908,0.702723522583666,0.0
Z45_R10,4,64,45.0,10.0,256,2.0,8542.34615213881,193534,remote_fk_openmp,32,0.48559748800471425,0.48156599199865013,0.4981742309173569,12.672764025885703,1.0,8.905449377141963,0.0
Z45_R10,4,64,45.0,10.0,256,2.0,8542.34615213881,193534,remote_cpu_1,1,4.324463847093284,4.303412545006722,4.381897326908074,1.423034760987299,0.11229079607894321,1.0,9.56101491126986e-08
Z45_R10,4,64,45.0,10.0,256,2.0,8542.34615213881,193534,remote_cpu_32,32,0.3627990299137309,0.34421867900528014,0.3856228889198974,16.96217980105933,1.3384751555707943,11.919722740497921,9.56101491126986e-08
Z45_R10,4,64,45.0,10.0,256,2.0,8542.34615213881,193534,rtx5090,32,0.23129153402987868,0.2303340610815212,0.23326597700361162,26.60651805894305,2.0995039444114885,18.69702609406638,9.561014881583201e-08
Z8_R1,4,64,8.0,1.0,256,2.0,8416.573044899156,135805,apple_fk_serial,1,0.23820787499994367,0.23616816600019774,0.24118462499995985,1.0,0.09468515681915178,2.382161131323729,0.0
Z8_R1,4,64,8.0,1.0,256,2.0,8416.573044899156,135805,apple_fk_openmp,16,0.02255474999992657,0.0220080419999249,0.048386707999952705,10.561317460877163,1.0,25.158759950872195,0.0
Z8_R1,4,64,8.0,1.0,256,2.0,8416.573044899156,135805,apple_cpu_1,1,0.5674495410000873,0.5613920839998627,0.5699996660000579,0.41978688462787395,0.03974758700161342,1.0,1.507809722584073e-08
Z8_R1,4,64,8.0,1.0,256,2.0,8416.573044899156,135805,apple_cpu_16,16,0.04890324999996665,0.04850941600011538,0.061544791999949666,4.871002949703877,0.4612116781592625,11.60351389734781,1.507809722584073e-08
Z8_R1,4,64,8.0,1.0,256,2.0,8416.573044899156,135805,apple_mps,16,0.025626708000118015,0.024784624999938387,0.028813291000005847,9.295297507539662,0.8801267021820635,22.142896426551317,1.5078097245433185e-08
Z8_R1,4,64,8.0,1.0,256,2.0,8416.573044899156,135805,remote_fk_serial,1,1.7105038240551949,1.6603696789825335,1.7441642460180447,1.0,0.09852834682261456,1.3977248997235983,0.0
Z8_R1,4,64,8.0,1.0,256,2.0,8416.573044899156,135805,remote_fk_openmp,32,0.1685331140179187,0.15146689407993108,0.17302483296953142,10.149363429393059,1.0,14.186017981606769,0.0
Z8_R1,4,64,8.0,1.0,256,2.0,8416.573044899156,135805,remote_cpu_1,1,2.3908137859543785,2.349704171065241,2.462910096044652,0.7154483691302568,0.0704919450473399,1.0,1.0721166041632482e-08
Z8_R1,4,64,8.0,1.0,256,2.0,8416.573044899156,135805,remote_cpu_32,32,0.2141932339873165,0.20575990399811417,0.22381387907080352,7.985797647354644,0.7868274402537777,11.161948215861717,1.0721166041632482e-08
Z8_R1,4,64,8.0,1.0,256,2.0,8416.573044899156,135805,rtx5090,32,0.13153993606101722,0.11896755697671324,0.13386297901161015,13.003684472385224,1.281231533667019,18.17557357520195,1.0718005241908302e-08
Z8_R100,4,64,8.0,100.0,256,2.0,8917.56682370687,143881,apple_fk_serial,1,0.542803375000176,0.5379249170000548,0.5530582500000492,1.0,0.08880740286485225,0.9923204991124406,0.0
Z8_R100,4,64,8.0,100.0,256,2.0,8917.56682370687,143881,apple_fk_openmp,16,0.0482049580000421,0.04707549999989169,0.051792624999961845,11.260322537770946,1.0,11.17384888084793,0.0
Z8_R100,4,64,8.0,100.0,256,2.0,8917.56682370687,143881,apple_cpu_1,1,0.5386349160000918,0.5315459999999348,0.5708990419998372,1.007738932022898,0.08949467731875346,1.0,7.828901846397808e-08
Z8_R100,4,64,8.0,100.0,256,2.0,8917.56682370687,143881,apple_cpu_16,16,0.047542875000090135,0.0467250829999557,0.05049349999990227,11.417134007969583,1.01392601940776,11.329456117221994,7.828901846397808e-08
Z8_R100,4,64,8.0,100.0,256,2.0,8917.56682370687,143881,apple_mps,16,0.026260459000013725,0.02569349999998849,0.029421917000036046,20.669988098833013,1.8356479603047648,20.51125290688218,7.828901843480051e-08
Z8_R100,4,64,8.0,100.0,256,2.0,8917.56682370687,143881,remote_fk_serial,1,4.9806499080732465,4.883378747967072,5.0547683159820735,1.0,0.07611779606476257,0.6507687088644847,0.0
Z8_R100,4,64,8.0,100.0,256,2.0,8917.56682370687,143881,remote_fk_openmp,32,0.37911609397269785,0.3463648980250582,0.4594475319609046,13.137532242120878,1.0,8.549494894870541,0.0
Z8_R100,4,64,8.0,100.0,256,2.0,8917.56682370687,143881,remote_cpu_1,1,3.2412511099828407,3.1861055090557784,3.313837510999292,1.5366442583646702,0.1169659742822903,1.0,6.193890738239234e-08
Z8_R100,4,64,8.0,100.0,256,2.0,8917.56682370687,143881,remote_cpu_32,32,0.25394105701707304,0.2467941549839452,0.26841564499773085,19.613409373728746,1.4929294948441876,12.763793094572037,6.193890738239234e-08
Z8_R100,4,64,8.0,100.0,256,2.0,8917.56682370687,143881,rtx5090,32,0.15102113503962755,0.13929858105257154,0.156776478048414,32.97982038584425,2.510351242382192,21.462235131078472,6.19314601266188e-08
Z8_R1000,4,64,8.0,1000.0,256,2.0,13639.699644743003,220040,apple_fk_serial,1,0.8390499160000218,0.83118204099992,0.8421068340001057,1.0,0.08752404427869737,0.9845675164812892,0.0
Z8_R1000,4,64,8.0,1000.0,256,2.0,13639.699644743003,220040,apple_fk_openmp,16,0.07343704200002321,0.07120762499994271,0.08349391699994158,11.42543181409399,1.0,11.249109025928831,0.0
Z8_R1000,4,64,8.0,1000.0,256,2.0,13639.699644743003,220040,apple_cpu_1,1,0.8261012919999757,0.8194117089999509,0.8298126249999314,1.0156743781004114,0.08889592924159882,1.0,9.552056778991502e-08
Z8_R1000,4,64,8.0,1000.0,256,2.0,13639.699644743003,220040,apple_cpu_16,16,0.07241916599991782,0.07168108400014717,0.07552233299998079,11.58602014280272,1.014055339992545,11.407219077901464,9.552056778991502e-08
Z8_R1000,4,64,8.0,1000.0,256,2.0,13639.699644743003,220040,apple_mps,16,0.03963241599990397,0.03805066599989004,0.040259417000015674,21.170799075233134,1.8529539556761099,20.84408106742666,9.552056777828831e-08
Z8_R1000,4,64,8.0,1000.0,256,2.0,13639.699644743003,220040,remote_fk_serial,1,7.8371674079680815,7.7618870520964265,7.885006229975261,1.0,0.07620422594663445,0.6408902133403765,0.0
Z8_R1000,4,64,8.0,1000.0,256,2.0,13639.699644743003,220040,remote_fk_openmp,32,0.5972252759383991,0.5516158320242539,0.6275968950940296,13.12263181703724,1.0,8.41016630480821,0.0
Z8_R1000,4,64,8.0,1000.0,256,2.0,13639.699644743003,220040,remote_cpu_1,1,5.0227638920769095,4.959031395032071,5.385648711002432,1.5603296464583403,0.11890371292994362,1.0,6.336973061658002e-08
Z8_R1000,4,64,8.0,1000.0,256,2.0,13639.699644743003,220040,remote_cpu_32,32,0.37563305790536106,0.3644326259382069,0.3958588190143928,20.86389161718194,1.589916710921825,13.371463949646229,6.336973061658002e-08
Z8_R1000,4,64,8.0,1000.0,256,2.0,13639.699644743003,220040,rtx5090,32,0.2168992490042001,0.20974463399033993,0.22290152194909751,36.13275492630369,2.753468620478415,23.157129013294313,6.336889822294254e-08
