case,configuration,warmup,wall_seconds
L4_D1,apple_fk_serial,0,0.138120707999974
L4_D1,apple_fk_serial,1,0.12757458300006874
L4_D1,apple_fk_openmp,0,0.01251175000004423
L4_D1,apple_fk_openmp,1,0.011376708000057079
L4_D1,apple_cpu_1,0,0.31960287499998685
L4_D1,apple_cpu_1,1,0.3146750409999868
L4_D1,apple_cpu_16,0,0.02873645799991209
L4_D1,apple_cpu_16,1,0.02702675000000454
L4_D1,apple_mps,0,0.04883237499996085
L4_D1,apple_mps,1,0.031906958000035957
L4_D1,remote_fk_serial,0,0.7773857699939981
L4_D1,remote_fk_serial,1,0.7838759829755872
L4_D1,remote_fk_openmp,0,0.17565515404567122
L4_D1,remote_fk_openmp,1,0.12861646607052535
L4_D1,remote_cpu_1,0,1.5117665029829368
L4_D1,remote_cpu_1,1,1.4503779809456319
L4_D1,remote_cpu_32,0,0.1477700580144301
L4_D1,remote_cpu_32,1,0.14495582797098905
L4_D1,rtx5090,0,0.9603820119518787
L4_D1,rtx5090,1,0.0698052120860666
L4_D16,apple_fk_serial,0,0.32280570900002203
L4_D16,apple_fk_serial,1,0.32341429200005223
L4_D16,apple_fk_openmp,0,0.02938649999998688
L4_D16,apple_fk_openmp,1,0.027462874999969245
L4_D16,apple_cpu_1,0,0.4627735000000257
L4_D16,apple_cpu_1,1,0.461662709000052
L4_D16,apple_cpu_16,0,0.04329441599998063
L4_D16,apple_cpu_16,1,0.039742749999959415
L4_D16,apple_mps,0,0.037463291999983994
L4_D16,apple_mps,1,0.03668162500002836
L4_D16,remote_fk_serial,0,2.765730504062958
L4_D16,remote_fk_serial,1,2.7755584249971434
L4_D16,remote_fk_openmp,0,0.21603524696547538
L4_D16,remote_fk_openmp,1,0.2615547060268
L4_D16,remote_cpu_1,0,2.593703711987473
L4_D16,remote_cpu_1,1,2.559661029954441
L4_D16,remote_cpu_32,0,0.2253391919657588
L4_D16,remote_cpu_32,1,0.23991222109179944
L4_D16,rtx5090,0,0.18597229500301182
L4_D16,rtx5090,1,0.14184436900541186
L4_D64,apple_fk_serial,0,0.9456264589999819
L4_D64,apple_fk_serial,1,0.9572441669999989
L4_D64,apple_fk_openmp,0,0.12777604200005044
L4_D64,apple_fk_openmp,1,0.10370454099995641
L4_D64,apple_cpu_1,0,0.9860126659999651
L4_D64,apple_cpu_1,1,0.9762364169999955
L4_D64,apple_cpu_16,0,0.08104295800001182
L4_D64,apple_cpu_16,1,0.0798223340000277
L4_D64,apple_mps,0,0.046023166999930254
L4_D64,apple_mps,1,0.04382116600004338
L4_D64,remote_fk_serial,0,8.825242301099934
L4_D64,remote_fk_serial,1,8.813023178954609
L4_D64,remote_fk_openmp,0,0.6041437189560384
L4_D64,remote_fk_openmp,1,0.607355321990326
L4_D64,remote_cpu_1,0,5.922381890937686
L4_D64,remote_cpu_1,1,5.907497358042747
L4_D64,remote_cpu_32,0,0.4573394659673795
L4_D64,remote_cpu_32,1,0.5062402000185102
L4_D64,rtx5090,0,0.3047415519831702
L4_D64,rtx5090,1,0.2250733330147341
L4_D256,apple_fk_serial,0,3.4656909159999714
L4_D256,apple_fk_serial,1,3.416848458000004
L4_D256,apple_fk_openmp,0,0.28916591699999117
L4_D256,apple_fk_openmp,1,0.2978564169999345
L4_D256,apple_cpu_1,0,2.8942507909999904
L4_D256,apple_cpu_1,1,2.892485541000042
L4_D256,apple_cpu_16,0,0.2504047920000403
L4_D256,apple_cpu_16,1,0.24962687499998992
L4_D256,apple_mps,0,0.07945108299998083
L4_D256,apple_mps,1,0.07131345800007693
L4_D256,remote_fk_serial,0,32.44843316008337
L4_D256,remote_fk_serial,1,32.72487163695041
L4_D256,remote_fk_openmp,0,1.9756777589209378
L4_D256,remote_fk_openmp,1,2.114770086016506
L4_D256,remote_cpu_1,0,16.9540080470033
L4_D256,remote_cpu_1,1,16.162045415956527
L4_D256,remote_cpu_32,0,1.4164203400723636
L4_D256,remote_cpu_32,1,1.3596531850052997
L4_D256,rtx5090,0,0.7585557079873979
L4_D256,rtx5090,1,0.6564572099596262
L8_D64,apple_fk_serial,0,1.0421041670000477
L8_D64,apple_fk_serial,1,1.0415353330000698
L8_D64,apple_fk_openmp,0,0.09244374999991578
L8_D64,apple_fk_openmp,1,0.09120991700001468
L8_D64,apple_cpu_1,0,1.2222070000000258
L8_D64,apple_cpu_1,1,1.2188987920000045
L8_D64,apple_cpu_16,0,0.10678387500001918
L8_D64,apple_cpu_16,1,0.10539770900004442
L8_D64,apple_mps,0,0.07253912499993476
L8_D64,apple_mps,1,0.07130079199998818
L8_D64,remote_fk_serial,0,9.27181424095761
L8_D64,remote_fk_serial,1,9.385642606997862
L8_D64,remote_fk_openmp,0,0.6670952599961311
L8_D64,remote_fk_openmp,1,0.6929969950579107
L8_D64,remote_cpu_1,0,7.043196192011237
L8_D64,remote_cpu_1,1,7.1180221979739144
L8_D64,remote_cpu_32,0,0.581046957988292
L8_D64,remote_cpu_32,1,0.6119624039856717
L8_D64,rtx5090,0,0.38354452897328883
L8_D64,rtx5090,1,0.27447884797584265
L16_D64,apple_fk_serial,0,1.216121625000028
L16_D64,apple_fk_serial,1,1.2268716669999549
L16_D64,apple_fk_openmp,0,0.10417554200000723
L16_D64,apple_fk_openmp,1,0.10073558400006277
L16_D64,apple_cpu_1,0,1.786647124999945
L16_D64,apple_cpu_1,1,1.7855758749999495
L16_D64,apple_cpu_16,0,0.15126670800009379
L16_D64,apple_cpu_16,1,0.15503970800000388
L16_D64,apple_mps,0,0.12100308300000506
L16_D64,apple_mps,1,0.11786779200008368
L16_D64,remote_fk_serial,0,10.284415194997564
L16_D64,remote_fk_serial,1,10.31280311907176
L16_D64,remote_fk_openmp,0,0.7566134720109403
L16_D64,remote_fk_openmp,1,0.7271538740023971
L16_D64,remote_cpu_1,0,9.27321470703464
L16_D64,remote_cpu_1,1,9.221286394982599
L16_D64,remote_cpu_32,0,0.7637574350228533
L16_D64,remote_cpu_32,1,0.7873725789831951
L16_D64,rtx5090,0,0.5332344819325954
L16_D64,rtx5090,1,0.40581918496172875
L32_D64,apple_fk_serial,0,1.5986749170000394
L32_D64,apple_fk_serial,1,1.5958580830000528
L32_D64,apple_fk_openmp,0,0.13778058399998372
L32_D64,apple_fk_openmp,1,0.1329651249999415
L32_D64,apple_cpu_1,0,2.9198470000000043
L32_D64,apple_cpu_1,1,2.912570958999936
L32_D64,apple_cpu_16,0,0.24897999999996046
L32_D64,apple_cpu_16,1,0.2499718330000178
L32_D64,apple_mps,0,0.22827245800010587
L32_D64,apple_mps,1,0.2190381249999973
L32_D64,remote_fk_serial,0,12.35803287604358
L32_D64,remote_fk_serial,1,12.084164220024832
L32_D64,remote_fk_openmp,0,0.9090149729745463
L32_D64,remote_fk_openmp,1,0.8795254139695317
L32_D64,remote_cpu_1,0,13.665765602956526
L32_D64,remote_cpu_1,1,13.681226070970297
L32_D64,remote_cpu_32,0,1.1470065360190347
L32_D64,remote_cpu_32,1,1.2311388010857627
L32_D64,rtx5090,0,0.8277153800008819
L32_D64,rtx5090,1,0.62832710694056
L64_D64,apple_fk_serial,0,2.332824417000097
L64_D64,apple_fk_serial,1,2.3451130409999905
L64_D64,apple_fk_openmp,0,0.19104033299993262
L64_D64,apple_fk_openmp,1,0.1998190000000477
L64_D64,apple_cpu_1,0,5.219380666000006
L64_D64,apple_cpu_1,1,5.226622832999965
L64_D64,apple_cpu_16,0,0.44025170899999466
L64_D64,apple_cpu_16,1,0.4497531250000293
L64_D64,apple_mps,0,0.43587587499996516
L64_D64,apple_mps,1,0.43715520899991134
L64_D64,remote_fk_serial,0,15.86212039703969
L64_D64,remote_fk_serial,1,15.989610982011072
L64_D64,remote_fk_openmp,0,1.2240953970467672
L64_D64,remote_fk_openmp,1,1.2110564060276374
L64_D64,remote_cpu_1,0,22.440355231054127
L64_D64,remote_cpu_1,1,22.223712036036886
L64_D64,remote_cpu_32,0,2.0451702859718353
L64_D64,remote_cpu_32,1,1.9405401550466195
L64_D64,rtx5090,0,1.2446977120125666
L64_D64,rtx5090,1,1.0742468669777736
Z1_R10,apple_fk_serial,0,2.0271426249998967
Z1_R10,apple_fk_serial,1,2.0273326670001097
Z1_R10,apple_fk_openmp,0,0.17246450000016011
Z1_R10,apple_fk_openmp,1,0.18270299999994677
Z1_R10,apple_cpu_1,0,2.1055203750001965
Z1_R10,apple_cpu_1,1,2.1057587500001773
Z1_R10,apple_cpu_16,0,0.17577295800015236
Z1_R10,apple_cpu_16,1,0.17960745799996403
Z1_R10,apple_mps,0,0.09391129099981299
Z1_R10,apple_mps,1,0.09140233399989484
Z1_R10,remote_fk_serial,0,19.07295783003792
Z1_R10,remote_fk_serial,1,18.92005961202085
Z1_R10,remote_fk_openmp,0,1.3107648119330406
Z1_R10,remote_fk_openmp,1,1.2672559400089085
Z1_R10,remote_cpu_1,0,14.501993543002754
Z1_R10,remote_cpu_1,1,14.539590063039213
Z1_R10,remote_cpu_32,0,1.0700735569698736
Z1_R10,remote_cpu_32,1,1.0876164520159364
Z1_R10,rtx5090,0,0.6606277109822258
Z1_R10,rtx5090,1,0.510140490019694
Z8_R10,apple_fk_serial,0,0.42892837500016867
Z8_R10,apple_fk_serial,1,0.42851358400002937
Z8_R10,apple_fk_openmp,0,0.038045167000063884
Z8_R10,apple_fk_openmp,1,0.03648316699991483
Z8_R10,apple_cpu_1,0,0.51860995800007
Z8_R10,apple_cpu_1,1,0.5177778750000925
Z8_R10,apple_cpu_16,0,0.04853229199989073
Z8_R10,apple_cpu_16,1,0.0442273749999913
Z8_R10,apple_mps,0,0.026738791999832756
Z8_R10,apple_mps,1,0.024629541999956928
Z8_R10,remote_fk_serial,0,4.134857500903308
Z8_R10,remote_fk_serial,1,4.20190183701925
Z8_R10,remote_fk_openmp,0,0.3358394909882918
Z8_R10,remote_fk_openmp,1,0.33143283193930984
Z8_R10,remote_cpu_1,0,2.8079069709638134
Z8_R10,remote_cpu_1,1,2.8854828840121627
Z8_R10,remote_cpu_32,0,0.2251279769698158
Z8_R10,remote_cpu_32,1,0.2290743129560724
Z8_R10,rtx5090,0,0.13862037507351488
Z8_R10,rtx5090,1,0.13664814201183617
Z25_R10,apple_fk_serial,0,0.6739786670000285
Z25_R10,apple_fk_serial,1,0.6713322079999671
Z25_R10,apple_fk_openmp,0,0.06044429200005652
Z25_R10,apple_fk_openmp,1,0.05659537499991529
Z25_R10,apple_cpu_1,0,0.7568236249999245
Z25_R10,apple_cpu_1,1,0.7554643330001909
Z25_R10,apple_cpu_16,0,0.06484929099997316
Z25_R10,apple_cpu_16,1,0.13085899999987305
Z25_R10,apple_mps,0,0.046866041999919617
Z25_R10,apple_mps,1,0.04297537499996906
Z25_R10,remote_fk_serial,0,6.1479932450456545
Z25_R10,remote_fk_serial,1,6.400629144976847
Z25_R10,remote_fk_openmp,0,0.45698460389394313
Z25_R10,remote_fk_openmp,1,0.5305331309791654
Z25_R10,remote_cpu_1,0,4.36023704695981
Z25_R10,remote_cpu_1,1,4.347097628051415
Z25_R10,remote_cpu_32,0,0.37497682601679116
Z25_R10,remote_cpu_32,1,0.35998400894459337
Z25_R10,rtx5090,0,0.2402454159455374
Z25_R10,rtx5090,1,0.19531677500344813
Z45_R10,apple_fk_serial,0,0.6647466669999176
Z45_R10,apple_fk_serial,1,0.6755514579999726
Z45_R10,apple_fk_openmp,0,0.06388712500006477
Z45_R10,apple_fk_openmp,1,0.06626970799993614
Z45_R10,apple_cpu_1,0,0.75595337499999
Z45_R10,apple_cpu_1,1,0.7444727089998651
Z45_R10,apple_cpu_16,0,0.06977983299998414
Z45_R10,apple_cpu_16,1,0.1076213750000079
Z45_R10,apple_mps,0,0.04431412500002807
Z45_R10,apple_mps,1,0.04258537500004422
Z45_R10,remote_fk_serial,0,6.011745832976885
Z45_R10,remote_fk_serial,1,6.076173209934495
Z45_R10,remote_fk_openmp,0,0.4790487909922376
Z45_R10,remote_fk_openmp,1,0.4962469460442662
Z45_R10,remote_cpu_1,0,4.393766685039736
Z45_R10,remote_cpu_1,1,4.30107961804606
Z45_R10,remote_cpu_32,0,0.35889431298710406
Z45_R10,remote_cpu_32,1,0.36312432202976197
Z45_R10,rtx5090,0,0.22770664701238275
Z45_R10,rtx5090,1,0.19248254306148738
Z8_R1,apple_fk_serial,0,0.25542875000019194
Z8_R1,apple_fk_serial,1,0.24739929099996516
Z8_R1,apple_fk_openmp,0,0.026442458000019542
Z8_R1,apple_fk_openmp,1,0.024902000000111002
Z8_R1,apple_cpu_1,0,0.5800503329999174
Z8_R1,apple_cpu_1,1,0.5754578750002111
Z8_R1,apple_cpu_16,0,0.05281504100003076
Z8_R1,apple_cpu_16,1,0.05173158299999159
Z8_R1,apple_mps,0,0.028850000000147702
Z8_R1,apple_mps,1,0.02710283300007177
Z8_R1,remote_fk_serial,0,1.7516924700466916
Z8_R1,remote_fk_serial,1,1.7081908700056374
Z8_R1,remote_fk_openmp,0,0.1578800209099427
Z8_R1,remote_fk_openmp,1,0.18113414198160172
Z8_R1,remote_cpu_1,0,2.4800627989461645
Z8_R1,remote_cpu_1,1,2.4784283969784155
Z8_R1,remote_cpu_32,0,0.2049755760235712
Z8_R1,remote_cpu_32,1,0.20842035196255893
Z8_R1,rtx5090,0,0.1313470839522779
Z8_R1,rtx5090,1,0.1324213019106537
Z8_R100,apple_fk_serial,0,0.5778919589999987
Z8_R100,apple_fk_serial,1,0.554873458999964
Z8_R100,apple_fk_openmp,0,0.05248191699979543
Z8_R100,apple_fk_openmp,1,0.05464104199995745
Z8_R100,apple_cpu_1,0,0.5486987499998577
Z8_R100,apple_cpu_1,1,0.54228312500004
Z8_R100,apple_cpu_16,0,0.05165474999989783
Z8_R100,apple_cpu_16,1,0.04815216699989833
Z8_R100,apple_mps,0,0.02801475000001119
Z8_R100,apple_mps,1,0.0259651250000843
Z8_R100,remote_fk_serial,0,4.870642630965449
Z8_R100,remote_fk_serial,1,4.998657920048572
Z8_R100,remote_fk_openmp,0,0.36719835409894586
Z8_R100,remote_fk_openmp,1,0.377792950021103
Z8_R100,remote_cpu_1,0,3.2772087899502367
Z8_R100,remote_cpu_1,1,3.328723340993747
Z8_R100,remote_cpu_32,0,0.25189930794294924
Z8_R100,remote_cpu_32,1,0.2562207269947976
Z8_R100,rtx5090,0,0.14952102792449296
Z8_R100,rtx5090,1,0.1561304850038141
Z8_R1000,apple_fk_serial,0,0.842063416999963
Z8_R1000,apple_fk_serial,1,0.8390459170000213
Z8_R1000,apple_fk_openmp,0,0.07549758400000428
Z8_R1000,apple_fk_openmp,1,0.08134787499989216
Z8_R1000,apple_cpu_1,0,0.8304803329999686
Z8_R1000,apple_cpu_1,1,0.8204212499999812
Z8_R1000,apple_cpu_16,0,0.07121629099992788
Z8_R1000,apple_cpu_16,1,0.07023499999991145
Z8_R1000,apple_mps,0,0.0408769589998883
Z8_R1000,apple_mps,1,0.03767604199993002
Z8_R1000,remote_fk_serial,0,7.481167063000612
Z8_R1000,remote_fk_serial,1,7.711546981008723
Z8_R1000,remote_fk_openmp,0,0.56573172705248
Z8_R1000,remote_fk_openmp,1,0.5323878090130165
Z8_R1000,remote_cpu_1,0,5.0249342899769545
Z8_R1000,remote_cpu_1,1,5.077354495995678
Z8_R1000,remote_cpu_32,0,0.3649817919358611
Z8_R1000,remote_cpu_32,1,0.3773186879698187
Z8_R1000,rtx5090,0,0.222958990954794
Z8_R1000,rtx5090,1,0.15177285694517195
